variable,prior_yes,posterior_yes_given_evidence,bp_yes
asia,0.010000,0.014108,0.010000
tub,0.010400,0.117158,0.010400
smoke,0.500000,0.784422,0.500000
lung,0.055000,0.628584,0.055000
bronc,0.450000,0.655529,0.450000
either,0.064828,nan,0.064828
xray,0.110290,nan,0.110290
dysp,0.438868,nan,0.442876
